{
  "historical_years": [
    2011,
    2012,
    2013,
    2014,
    2015,
    2016,
    2017,
    2018,
    2019,
    2020,
    2021,
    2022,
    2023,
    2024
  ],
  "historical_cases": [
    39500,
    40362,
    35852,
    32496,
    27529,
    27638,
    31391,
    32235,
    34119,
    29459,
    25964,
    21807,
    22635,
    24199
  ],
  "predicted_years": [
    2024,
    2025,
    2026,
    2027,
    2028,
    2029,
    2030,
    2031,
    2032,
    2033,
    2034,
    2035,
    2036,
    2037,
    2038,
    2039
  ],
  "predicted_cases": [
    3910,
    25879,
    17919,
    18525,
    17100,
    17100,
    17100,
    17100,
    18525,
    17100,
    17100,
    17100,
    17100,
    17100,
    18525,
    8550
  ],
  "risk_levels": [
    "Low",
    "Medium",
    "Low",
    "Low",
    "Low",
    "Low",
    "Low",
    "Low",
    "Low",
    "Low",
    "Low",
    "Low",
    "Low",
    "Low",
    "Low",
    "Low"
  ],
  "high_risk_years": [],
  "metrics": {
    "MSE": 0.005061303413895674,
    "RMSE": 0.07114283810683739,
    "MAE": 0.04996537190565034,
    "R2": 0.8162221810266204
  }
}