{
  "MSE": 0.0042870924808084965,
  "RMSE": 0.06547589600086212,
  "MAE": 0.05231417715549469,
  "R2": 0.844334065914154
}