{
  "MSE": 0.005061303413895674,
  "RMSE": 0.07114283810683739,
  "MAE": 0.04996537190565034,
  "R2": 0.8162221810266204
}